City_ID,City,Lat,Lng,Max Temp,Humidity,Cloudiness,Wind Speed,Country,Date
0,monahans,31.5943,-102.8926,302.53,11,0,0.45,US,1683828250
1,fortuna,40.5982,-124.1573,287.96,83,100,2.57,US,1683828250
2,olonkinbyen,70.9221,-8.7187,272.63,86,95,4.04,SJ,1683828250
3,port-aux-francais,-49.35,70.2167,280.66,92,100,18.57,TF,1683828251
4,hotan,37.0997,79.9269,291.48,10,1,3.15,CN,1683828252
5,klyuchi,52.2667,79.1667,285.21,60,28,5.42,RU,1683828252
6,saudarkrokur,65.7461,-19.6394,286.62,60,96,8.51,IS,1683828252
7,dudinka,69.4058,86.1778,257.94,96,19,5.37,RU,1683828253
8,celestun,20.8667,-90.4,306.49,52,55,1.52,MX,1683828253
9,ushuaia,-54.8,-68.3,279.96,81,75,1.03,AR,1683828254
10,grytviken,-54.2811,-36.5092,270.11,79,27,4.95,GS,1683828254
11,wailua homesteads,22.0669,-159.378,297.39,89,100,3.6,US,1683828254
12,waitangi,-43.9535,-176.5597,281.94,54,72,9.75,NZ,1683828255
13,avarua,-21.2078,-159.775,298.18,73,40,5.66,CK,1683828255
14,edinburgh of the seven seas,-37.0676,-12.3116,289.9,77,88,10.18,SH,1683828256
15,blackmans bay,-43.0167,147.3167,282.22,90,100,2.92,AU,1683828222
16,port elizabeth,-33.918,25.5701,291.31,97,100,4.02,ZA,1683828256
17,sandnessjoen,66.0217,12.6316,283.44,87,75,1.54,NO,1683828257
18,pacific grove,36.6177,-121.9166,290.38,70,40,3.13,US,1683828037
19,georgetown,6.8045,-58.1553,298.31,100,100,1.03,GY,1683827967
20,ilulissat,69.2167,-51.1,271.16,80,75,8.75,GL,1683828258
21,camana,-16.6228,-72.7111,294.54,73,92,3.16,PE,1683828258
22,sechura,-5.5569,-80.8222,301.72,60,66,4.25,PE,1683828259
23,enewetak,11.3474,162.3373,300.6,84,94,6.23,MH,1683827985
24,brokopondo,5.0667,-54.9667,298.71,94,96,1.36,SR,1683828259
25,puerto natales,-51.7236,-72.4875,285.4,58,75,1.54,CL,1683827969
26,invercargill,-46.4,168.35,281.49,95,78,1.34,NZ,1683828144
27,bilibino,68.0546,166.4372,271.55,82,80,0.98,RU,1683828261
28,hithadhoo,-0.6,73.0833,301.47,79,100,6.5,MV,1683828261
29,lebu,-37.6167,-73.65,288.99,78,72,3.42,CL,1683828261
30,cockburn town,21.4612,-71.1419,300.04,76,45,4.68,TC,1683828262
31,yellowknife,62.456,-114.3525,290.44,34,40,5.66,CA,1683828082
32,thompson,55.7435,-97.8558,288.24,51,75,2.06,CA,1683828263
33,adamstown,-25.066,-130.1015,294.63,55,94,8.83,PN,1683828251
34,howrah,-42.8873,147.4055,283.18,83,97,4.63,AU,1683828264
35,qaqortoq,60.7167,-46.0333,275.79,87,100,1.1,GL,1683828264
36,albany,42.6526,-73.7562,300.61,33,5,2.68,US,1683828108
37,campo gallo,-26.5833,-62.85,299.65,31,18,2.2,AR,1683828265
38,tarauaca,-8.1614,-70.7656,305.87,47,61,1.49,BR,1683828010
39,higuera de zaragoza,25.95,-109.2833,302.11,32,1,5.09,MX,1683828266
40,portel,-1.9356,-50.8211,302.38,79,23,1.05,BR,1683828267
41,jamestown,42.097,-79.2353,297.33,40,0,5.14,US,1683827980
42,ampanihy,-24.7,44.75,294.27,80,88,1.51,MG,1683828268
43,hamilton,43.2334,-79.9496,299.21,39,40,5.66,CA,1683828103
44,paracuru,-3.41,-39.0306,302.1,69,71,3.98,BR,1683828269
45,saldanha,-33.0117,17.9442,288.18,63,100,9.76,ZA,1683827972
46,stanley,54.868,-1.6985,287.33,76,20,3.09,GB,1683828271
47,iqaluit,63.7506,-68.5145,270.0,73,20,5.66,CA,1683828271
48,west island,-12.1568,96.8225,302.14,79,40,5.66,CC,1683828246
49,srivardhan,18.0333,73.0167,301.86,76,29,1.33,IN,1683828272
50,doba,8.65,16.85,303.48,46,67,1.45,TD,1683828273
51,longyearbyen,78.2186,15.6401,272.06,80,75,6.69,SJ,1683828273
52,antofagasta,-23.65,-70.4,291.75,71,22,3.98,CL,1683828020
53,manaure,11.7751,-72.4445,306.15,47,75,8.13,CO,1683828274
54,fale old settlement,-9.3852,-171.2468,301.93,77,15,6.57,TK,1683828274
55,lagoa,39.05,-27.9833,289.45,87,85,5.59,PT,1683828275
56,deqen,29.9618,90.7188,274.45,82,100,0.6,CN,1683828275
57,duncan,34.5023,-97.9578,296.09,88,75,8.75,US,1683828268
58,shagonar,51.5333,92.8,283.1,66,98,0.61,RU,1683828276
59,tongouson,5.0214,120.1328,301.28,75,35,1.58,PH,1683828276
60,kodiak,57.79,-152.4072,278.88,81,100,4.63,US,1683828277
61,atafu village,-8.5421,-172.5159,302.09,76,73,6.45,TK,1683828277
62,nogliki,51.8333,143.1667,272.57,96,94,1.27,RU,1683828277
63,masterton,-40.9597,175.6575,276.36,90,16,1.52,NZ,1683828278
64,manta,-0.95,-80.7333,303.03,70,40,4.12,EC,1683828030
65,makokou,0.5738,12.8642,295.81,95,62,0.54,GA,1683828279
66,taltal,-25.4,-70.4833,292.85,70,37,2.2,CL,1683828077
67,margaret river,-33.95,115.0667,284.09,75,13,3.57,AU,1683828280
68,keflavik,64.0049,-22.5624,283.1,87,100,10.29,IS,1683828280
69,smirnovo,54.5125,69.4222,282.43,53,13,5.7,KZ,1683828280
70,nizhniy ingash,56.2,96.53,278.56,57,100,1.05,RU,1683828281
71,namibe,-15.1961,12.1522,296.56,79,21,4.65,AO,1683828281
72,tofol,5.3248,163.0078,298.96,85,99,0.93,FM,1683828281
73,vorgashor,67.5833,63.95,265.12,96,98,1.73,RU,1683828282
74,hermanus,-34.4187,19.2345,285.26,66,100,6.19,ZA,1683828139
75,lorengau,-2.0226,147.2712,300.13,81,100,2.3,PG,1683828282
76,kajaani,64.1667,27.6667,288.81,29,0,2.57,FI,1683828283
77,micheweni,-4.9667,39.8333,299.14,85,34,4.03,TZ,1683828283
78,fort st. john,56.2499,-120.8529,287.09,54,75,2.06,CA,1683827999
79,tono,39.3167,141.5333,276.22,94,1,1.37,JP,1683828289
80,tamanrasset,22.785,5.5228,303.1,10,0,2.57,DZ,1683828289
81,puerto san jose,13.9256,-90.8244,305.22,54,4,3.66,GT,1683828289
82,saipan,15.2123,145.7545,299.23,100,40,2.06,MP,1683828290
83,sao joao da barra,-21.6403,-41.0511,299.2,77,92,4.61,BR,1683828290
84,yerofey pavlovich,53.9667,121.9667,282.17,84,100,2.1,RU,1683828290
85,la carolina,38.2756,-3.6153,297.71,19,10,6.32,ES,1683828291
86,sao raimundo nonato,-9.0153,-42.6994,305.41,38,74,2.44,BR,1683828292
87,hawaiian paradise park,19.5933,-154.9731,297.61,88,0,1.54,US,1683828293
88,sitka,57.0531,-135.33,281.67,85,100,2.9,US,1683828148
89,badger,64.8,-147.5333,285.93,53,75,1.54,US,1683828093
90,east london,-33.0153,27.9116,290.67,82,0,4.12,ZA,1683828295
91,gaigeturi,33.4644,126.3183,288.18,88,20,5.14,KR,1683828295
92,bredasdorp,-34.5322,20.0403,286.49,65,100,5.18,ZA,1683828296
93,coatepec harinas,18.8949,-99.7215,297.42,29,14,2.98,MX,1683828066
94,constantia,-34.0314,18.4183,287.77,63,75,7.72,ZA,1683828296
95,miandrivazo,-19.5167,45.4667,299.39,64,98,0.72,MG,1683828297
96,polyarnyy,69.1989,33.4478,276.61,99,100,2.17,RU,1683828297
97,forster,-32.1667,152.5167,286.26,91,9,2.22,AU,1683828297
98,ciudad constitucion,25.0369,-111.6644,297.3,30,8,7.59,MX,1683828297
99,anadyr,64.75,177.4833,272.43,80,0,4.0,RU,1683828298
100,vilyuchinsk,52.9306,158.4028,274.3,93,100,3.16,RU,1683828299
101,sarkand,45.41,79.9186,292.12,26,100,3.6,KZ,1683828299
102,banda aceh,5.5577,95.3222,300.33,79,99,1.5,ID,1683828299
103,lompoc,34.6391,-120.4579,292.38,70,44,3.58,US,1683828300
104,monki,53.405,22.7979,286.86,64,62,3.66,PL,1683828300
105,punta arenas,-53.15,-70.9167,282.21,73,0,3.09,CL,1683828154
106,rio grande,-32.035,-52.0986,292.21,69,67,5.32,BR,1683828301
107,port blair,11.6667,92.75,301.58,77,100,8.97,IN,1683828301
108,ust-nera,64.5667,143.2,272.63,89,98,2.04,RU,1683828301
109,saint-francois,46.4154,3.9054,285.84,71,96,2.57,FR,1683828301
110,tura,25.5198,90.2201,298.64,47,99,0.91,IN,1683828005
111,cabo san lucas,22.8909,-109.9124,303.49,29,1,5.85,MX,1683828031
112,richards bay,-28.783,32.0377,293.31,89,0,3.16,ZA,1683828303
113,beau vallon,-20.4189,57.6953,298.28,73,40,5.14,MU,1683828304
114,bethel,41.3712,-73.414,300.17,32,0,5.14,US,1683828304
115,susuman,62.7833,148.1667,271.42,92,83,0.4,RU,1683828305
116,luorong,24.4058,109.6086,290.66,88,90,2.78,CN,1683828306
117,dubbo,-32.25,148.6167,281.22,87,0,5.14,AU,1683828307
118,sosnogorsk,63.6023,53.8817,280.14,58,82,2.5,RU,1683828308
119,homer,59.6425,-151.5483,281.36,81,0,5.14,US,1683828308
120,ciudad acuna,29.3232,-100.9522,305.54,51,75,2.06,MX,1683828309
121,olean,42.0776,-78.4297,298.53,40,86,2.63,US,1683828309
122,kudahuvadhoo,2.6708,72.8944,301.63,77,98,7.17,MV,1683828310
123,puerto deseado,-47.7503,-65.8938,287.46,58,5,0.11,AR,1683828310
124,dabakala,8.3667,-4.4333,306.52,43,87,2.52,CI,1683828311
125,queenstown,-31.8976,26.8753,285.69,64,53,1.86,ZA,1683828311
126,petlawad,23.0,74.8,307.46,12,0,3.15,IN,1683828312
127,utrik,11.2278,169.8474,300.42,81,95,8.1,MH,1683828312
128,nadi,-17.8,177.4167,295.15,88,20,3.09,FJ,1683828313
129,andalgala,-27.5819,-66.3165,294.57,51,12,3.54,AR,1683828068
130,narasannapeta,18.4167,84.05,301.32,82,99,1.51,IN,1683828313
131,vadso,70.0744,29.7487,282.64,76,0,2.06,NO,1683828314
132,kissidougou,9.1848,-10.0999,305.58,40,89,3.96,GN,1683828315
133,grand falls-windsor,48.9332,-55.6649,286.76,35,22,2.68,CA,1683828316
134,rongelap,11.1635,166.8941,300.51,82,96,7.32,MH,1683828316
135,puerto ayora,-0.7393,-90.3518,304.13,94,64,3.13,EC,1683828293
136,barreiras,-12.1528,-44.99,307.59,27,92,3.06,BR,1683828047
137,al ghayzah,16.2079,52.176,301.87,68,65,4.14,YE,1683828318
138,xiulin,29.7167,112.4,289.66,79,5,2.07,CN,1683828324
139,argostolion,38.1811,20.489,291.19,72,40,1.03,GR,1683828325
140,coquimbo,-29.9533,-71.3436,290.0,77,20,2.57,CL,1683828043
141,pangai,-19.8,-174.35,298.21,94,20,1.03,TO,1683828326
142,kill devil hills,36.0307,-75.676,296.16,58,0,5.14,US,1683828047
143,borba,-4.3878,-59.5939,298.62,96,98,2.03,BR,1683828326
144,manokwari,-0.8667,134.0833,297.89,91,100,4.22,ID,1683828327
145,port douglas,-16.4833,145.4667,295.62,87,100,4.55,AU,1683828327
146,inari,68.906,27.0288,285.26,96,100,2.33,FI,1683828327
147,al jubayl,27.0112,49.6583,300.25,62,24,4.92,SA,1683828328
148,nelson,-41.2833,173.2833,277.2,89,8,0.45,NZ,1683828328
149,kralendijk,12.15,-68.2667,304.14,62,75,7.2,BQ,1683828328
150,mumbwa,-14.9783,27.0619,290.26,44,1,1.69,ZM,1683828329
151,ribeira grande,38.5167,-28.7,294.37,60,20,5.36,PT,1683828330
152,ostiglia,45.0712,11.1374,287.64,87,97,1.95,IT,1683828330
153,kyshtovka,56.555,76.6271,280.56,68,92,5.07,RU,1683828330
154,haenam,34.5711,126.5989,286.53,74,78,1.26,KR,1683828336
155,palafrugell,41.9174,3.1631,290.05,47,84,3.75,ES,1683828319
156,fort mcmurray,56.7268,-111.381,293.92,34,0,2.57,CA,1683828346
157,aitape,-3.1374,142.3475,298.83,89,99,1.73,PG,1683828347
158,san pedro pochutla,15.7333,-96.4667,306.32,49,31,5.03,MX,1683828342
159,vorkuta,67.5,64.0,263.86,98,98,1.66,RU,1683828347
160,verkhnevilyuysk,63.4453,120.3167,271.39,75,20,1.58,RU,1683828348
161,huanuni,-18.2667,-66.85,285.42,32,85,4.84,BO,1683828348
162,tromso,69.6489,18.9551,281.1,81,75,7.2,NO,1683828348
163,hammerfest,70.6634,23.6821,280.4,100,75,1.54,NO,1683828349
164,tiksi,71.6872,128.8694,261.35,82,82,9.56,RU,1683828271
165,nadym,65.5333,72.5167,264.38,91,87,2.8,RU,1683828349
166,new norfolk,-42.7826,147.0587,282.87,69,100,0.89,AU,1683828354
167,touros,-5.1989,-35.4608,302.05,65,33,5.08,BR,1683828355
168,port mathurin,-19.6833,63.4167,298.55,77,72,9.34,MU,1683828091
169,belmonte,-15.8631,-38.8828,300.35,70,47,4.33,BR,1683828356
170,murun-kuren,49.6342,100.1625,279.0,58,37,1.43,MN,1683828356
171,whitehorse,60.7161,-135.0538,285.43,45,40,5.14,CA,1683828084
172,laguna,38.421,-121.4238,293.39,63,0,3.09,US,1683828353
173,lihue,21.9789,-159.3672,297.73,88,100,3.6,US,1683828357
174,dukku,10.8231,10.7717,308.85,19,57,2.3,NG,1683828357
175,katsuura,35.1333,140.3,288.76,66,99,2.34,JP,1683828357
176,kula,38.5473,28.6498,287.17,10,96,25.93,TR,1683828132
177,tokar,18.4254,37.729,301.04,59,17,2.38,SD,1683828358
178,kristiansund,63.1115,7.732,284.18,81,75,2.06,NO,1683828358
179,along,28.1667,94.7667,290.77,84,76,1.5,IN,1683828359
180,college,64.8569,-147.8028,285.98,53,75,2.57,US,1683828359
181,kothen,51.75,11.9667,291.43,79,99,3.6,DE,1683828359
182,bataipora,-22.2953,-53.2711,297.13,38,8,3.41,BR,1683828359
183,havelian,34.0536,73.1657,296.39,28,100,3.12,PK,1683828360
184,tazacorte,28.629,-17.9293,296.57,78,40,8.23,ES,1683828362
185,rio gallegos,-51.6226,-69.2181,286.18,50,0,5.14,AR,1683828145
186,edd,13.9297,41.6925,303.9,68,72,2.48,ER,1683828363
187,novodvinsk,64.4165,40.8122,281.85,74,97,2.3,RU,1683828363
188,crane,31.3974,-102.3501,300.44,10,0,6.76,US,1683828364
189,caibarien,22.5206,-79.4669,304.77,69,21,5.33,CU,1683828365
190,wotho,10.1657,166.0102,300.47,83,94,6.05,MH,1683828365
191,mount gambier,-37.8333,140.7667,284.84,95,100,2.11,AU,1683828366
192,asadabad,34.7824,48.1185,288.12,35,85,1.12,IR,1683828366
193,gadzhiyevo,69.2551,33.3362,275.87,100,100,2.25,RU,1683828363
194,harper,4.375,-7.7169,301.94,78,22,3.48,LR,1683828368
195,ilha de mocambique,-15.0342,40.7358,299.66,71,22,4.46,MZ,1683828369
196,kone,-21.0595,164.8658,294.89,79,100,2.27,NC,1683828369
197,dalandzadgad,43.5708,104.425,280.94,72,34,8.26,MN,1683828370
198,tanguieta,10.6212,1.2665,305.9,42,88,3.52,BJ,1683828370
199,nizhniy odes,63.6445,54.856,278.57,59,76,2.9,RU,1683828371
200,newman,37.3138,-121.0208,292.72,61,7,1.34,US,1683828371
201,uturoa,-16.7333,-151.4333,300.14,81,100,6.73,PF,1683828371
202,egilsstadir,65.2653,-14.3948,286.1,58,0,8.23,IS,1683828372
203,leninskoye,47.9353,132.6242,282.25,52,7,1.51,RU,1683828372
204,tillaberi,14.2117,1.4531,312.32,16,38,3.62,NE,1683828373
205,hassi messaoud,31.6804,6.0729,309.07,11,0,4.12,DZ,1683828373
206,praia da vitoria,38.7333,-27.0667,292.46,100,75,5.26,PT,1683828374
207,inhambane,-23.865,35.3833,296.14,83,20,0.0,MZ,1683828374
208,ghat,24.9647,10.1728,301.56,17,100,4.14,LY,1683828374
209,carnarvon,-24.8667,113.6333,295.25,55,0,5.66,AU,1683828375
210,mount isa,-20.7333,139.5,286.02,47,0,4.12,AU,1683828375
211,bengkulu,-3.8004,102.2655,298.8,85,75,2.07,ID,1683828375
212,toliara,-23.35,43.6667,296.05,84,97,1.79,MG,1683828376
213,mogocha,53.7333,119.7667,281.68,84,100,1.74,RU,1683828376
214,codrington,-38.2667,141.9667,283.84,79,100,2.8,AU,1683828376
215,ancud,-41.8697,-73.8203,286.78,91,100,3.75,CL,1683828201
216,abepura,-2.6333,140.5833,297.6,78,20,1.03,ID,1683828377
217,malkapur,20.8833,76.2,308.33,12,32,2.03,IN,1683828377
218,phan rang-thap cham,11.5667,108.9833,299.25,87,100,0.42,VN,1683828378
219,jaciara,-15.9653,-54.9683,303.21,46,87,2.0,BR,1683828378
220,burang,30.25,81.1667,272.04,35,24,0.89,CN,1683828379
221,kazanskoye,55.6448,69.235,281.0,65,62,5.08,RU,1683828379
222,fortuna foothills,32.6578,-114.4119,301.05,25,0,2.57,US,1683828152
223,geraldton,-28.7667,114.6,286.38,54,10,3.09,AU,1683828380
224,buala,-8.145,159.5921,300.51,84,100,3.97,SB,1683828381
225,onguday,50.75,86.15,283.73,77,94,1.42,RU,1683828381
226,nuuk,64.1835,-51.7216,276.49,93,75,5.14,GL,1683828382
227,afaahiti,-17.75,-149.2833,298.08,93,100,11.89,PF,1683828382
228,posse,-14.0931,-46.3694,305.05,28,87,1.5,BR,1683828122
229,melekeok village,7.4957,134.6367,297.46,100,75,0.0,PW,1683828385
230,ixtapa,20.7,-105.2,309.18,18,20,3.45,MX,1683828093
231,rocha,-34.4833,-54.3333,290.16,55,99,4.18,UY,1683828386
232,santiago de cao,-7.9589,-79.2392,298.22,73,87,4.63,PE,1683828388
233,fort bragg,35.139,-79.006,301.43,45,0,2.06,US,1683828218
234,pahrump,36.2083,-115.9839,297.73,22,0,0.89,US,1683828136
235,woodlake,37.4211,-77.6793,300.92,51,0,4.12,US,1683828389
236,la villa del rosario,10.3258,-72.3134,307.8,44,87,1.16,VE,1683828389
237,ocean city,39.2776,-74.5746,299.92,64,21,2.68,US,1683828390
238,bel ombre,-4.6167,55.4167,301.06,78,20,3.6,SC,1683828390
239,zhangye,38.9342,100.4517,287.5,27,49,2.3,CN,1683828391
240,chonchi,-42.6128,-73.8092,288.77,84,100,1.14,CL,1683828391
241,kingston,17.997,-76.7936,306.06,63,20,10.8,JM,1683828261
242,paulden,34.8856,-112.4682,295.97,27,0,2.68,US,1683828392
243,shibirghan,36.6676,65.7529,298.89,30,31,3.1,AF,1683828392
244,i-n-salah,27.1935,2.4607,308.75,10,4,4.35,DZ,1683828393
245,birao,10.2849,22.7882,304.8,41,100,1.34,CF,1683828393
246,pandan,14.0453,124.1694,299.73,84,51,3.65,PH,1683828393
247,kawalu,-7.3817,108.2082,296.22,94,100,1.42,ID,1683828394
248,arad,46.1833,21.3167,289.12,53,0,2.24,RO,1683828394
249,itoman,26.1247,127.6694,294.16,64,5,1.03,JP,1683828394
250,arteche,12.2645,125.4048,299.35,83,87,1.76,PH,1683828395
251,aasiaat,68.7098,-52.8699,270.52,74,100,0.96,GL,1683828395
252,talnakh,69.4865,88.3972,257.71,86,19,5.85,RU,1683828395
253,pawcatuck,41.3773,-71.8337,300.88,40,0,6.17,US,1683828396
254,ulanhot,46.0833,122.0833,288.18,61,100,3.21,CN,1683828396
255,thunder bay,48.4001,-89.3168,297.14,46,75,16.46,CA,1683828381
256,sisimiut,66.9395,-53.6735,271.87,82,100,6.99,GL,1683828401
257,ardestan,33.3761,52.3694,298.7,20,85,2.72,IR,1683828402
258,banda,25.4833,80.3333,305.97,11,0,3.29,IN,1683828402
259,castillos,-34.1667,-53.8333,290.02,58,80,3.83,UY,1683828402
260,saynshand,44.8824,110.1163,284.97,53,94,8.87,MN,1683828403
261,porto novo,17.0197,-25.0647,299.15,74,13,6.68,CV,1683828403
262,quepos,9.4236,-84.1652,304.23,66,33,2.58,CR,1683828403
263,alofi,-19.0595,-169.9187,299.12,82,26,9.08,NU,1683828403
264,page,36.9147,-111.4558,296.03,21,0,6.26,US,1683828245
265,muisne,0.6,-80.0333,301.9,78,80,2.92,EC,1683828404
266,taitung city,22.7583,121.1444,296.18,80,93,1.41,TW,1683828116
267,hozat,39.1083,39.2213,286.87,54,41,1.12,TR,1683828405
268,opuwo,-18.0607,13.84,296.92,23,81,3.8,NA,1683828405
269,ola,59.5833,151.2833,273.26,93,63,0.34,RU,1683828405
270,selfoss,63.9331,-20.9971,282.06,90,100,6.29,IS,1683828407
271,devils lake,48.1128,-98.8651,297.21,59,0,3.6,US,1683828407
272,borogontsy,62.6683,131.1683,269.55,73,100,1.92,RU,1683828408
273,kiunga,-6.1219,141.2906,296.94,100,99,0.33,PG,1683828410
274,cidreira,-30.1811,-50.2056,290.8,67,53,6.87,BR,1683828334
275,belyy yar,53.6039,91.3903,283.09,76,0,2.0,RU,1683828410
276,ad dilam,23.9915,47.1627,307.08,11,6,4.78,SA,1683828411
277,new plymouth,-39.0667,174.0833,281.66,100,45,1.68,NZ,1683828195
278,hovd,48.0056,91.6419,285.86,41,82,2.87,MN,1683828411
279,tabuk,17.4189,121.4443,297.83,84,97,1.29,PH,1683828412
280,christchurch,-43.5333,172.6333,281.75,73,75,1.54,NZ,1683828412
281,palmer,42.1584,-72.3287,300.33,27,12,2.24,US,1683828412
282,salinas de hidalgo,22.6333,-101.7167,297.22,15,2,2.6,MX,1683828413
283,taroa,8.7058,171.2275,300.91,81,84,7.55,MH,1683828413
284,marka,1.7159,44.7717,300.05,86,57,7.36,SO,1683828414
285,sovetskiy,61.3614,63.5842,275.91,52,57,1.93,RU,1683828414
286,boguchany,58.3814,97.4531,277.87,53,100,1.74,RU,1683828414
287,mejit,10.2753,170.8646,300.66,80,100,7.7,MH,1683828415
288,shalqar,47.8333,59.6,294.46,39,90,4.34,KZ,1683828415
289,arno,60.1167,18.6333,283.03,46,24,4.33,SE,1683828415
290,xiaoweizhai,26.1903,107.5125,287.32,97,59,1.36,CN,1683828415
291,al kharijah,25.4514,30.5464,304.75,14,0,5.41,EG,1683828416
292,sao gabriel da cachoeira,-0.1303,-67.0892,299.58,86,98,1.04,BR,1683828416
293,majene,-3.5403,118.9707,299.22,89,99,2.86,ID,1683828275
294,caazapa,-26.15,-56.4,295.78,43,5,2.83,PY,1683828417
295,praya,-8.7054,116.2704,299.07,89,100,4.63,ID,1683828417
296,general conesa,-40.1,-64.4333,293.74,30,38,8.27,AR,1683828417
297,tralee,52.2704,-9.7026,286.29,82,100,6.69,IE,1683828322
298,iskateley,67.6803,53.1512,273.31,99,100,5.26,RU,1683828418
299,haiku-pauwela,20.9219,-156.3051,298.17,74,20,2.57,US,1683828418
300,salinas,36.6777,-121.6555,291.16,62,0,3.6,US,1683828363
301,douz,33.4663,9.0203,303.17,21,97,3.41,TN,1683828419
302,kumasi,6.6885,-1.6244,301.28,74,72,3.5,GH,1683828419
303,pisco,-13.7,-76.2167,294.27,83,100,2.57,PE,1683828420
304,yuzhno-kurilsk,44.0306,145.8556,275.95,88,12,4.38,RU,1683828420
305,nampula,-15.1165,39.2666,294.03,81,100,1.17,MZ,1683828420
306,calbuco,-41.768,-73.1273,288.71,83,99,2.72,CL,1683828420
307,ar ruseris,11.8659,34.3869,308.55,15,19,1.29,SD,1683828421
308,ploudalmezeau,48.5333,-4.65,287.29,82,75,5.66,FR,1683828421
309,ambodifotatra,-16.9833,49.85,299.86,73,7,4.52,MG,1683828421
310,goundam,16.4145,-3.6708,310.31,9,100,0.7,ML,1683828422
311,jayapura,-2.5333,140.7,297.81,88,100,1.06,ID,1683828423
312,shihezi,44.3,86.0333,295.28,13,71,3.72,CN,1683828423
313,stephenville,32.2207,-98.2023,302.52,64,75,5.14,US,1683828258
314,pitimbu,-7.4706,-34.8086,303.48,68,72,3.74,BR,1683828424
315,kenora,49.8167,-94.4337,297.55,34,18,1.78,CA,1683828424
316,mingyue,43.1069,128.9217,281.01,62,99,0.23,CN,1683828425
317,soto la marina,23.7667,-98.2167,310.23,40,1,6.11,MX,1683828387
318,agat village,13.3886,144.6585,300.67,92,40,1.54,GU,1683828425
319,mcgregor,26.5609,-81.9145,307.59,48,0,5.14,US,1683828426
320,falaise,48.8922,-0.1953,286.66,88,69,3.18,FR,1683828426
321,laboulaye,-34.1266,-63.3912,293.73,40,85,5.21,AR,1683828426
322,yemva,62.59,50.8594,282.49,60,73,2.73,RU,1683828427
323,nyurba,63.2842,118.3319,271.35,70,4,1.54,RU,1683828432
324,hirara,24.8,125.2833,294.07,73,20,2.57,JP,1683828339
325,okhotsk,59.3833,143.3,272.88,90,96,1.67,RU,1683828433
326,luderitz,-26.6481,15.1594,289.52,68,100,8.03,NA,1683828433
327,teuva,62.4819,21.7416,287.91,49,9,4.18,FI,1683828434
328,mar del plata,-38.0023,-57.5575,287.56,68,0,3.6,AR,1683828418
329,mawlamyinegyunn,16.3833,95.2667,301.29,80,100,2.43,MM,1683828435
330,beruwala,6.4788,79.9828,299.94,87,100,4.21,LK,1683828436
331,igarka,67.4667,86.5833,258.75,84,13,8.03,RU,1683828330
332,acapulco de juarez,16.8634,-99.8901,305.05,62,75,4.12,MX,1683828437
333,padang,-0.9492,100.3543,300.18,87,96,1.84,ID,1683828411
334,sanghar,26.0466,68.9481,308.44,25,0,5.86,PK,1683828438
335,saint-pierre,-21.3393,55.4781,297.97,73,0,2.57,RE,1683828299
336,mbanza-ngungu,-5.25,14.8667,295.72,77,7,0.82,CD,1683828438
337,aginskoye,51.1,114.53,280.15,45,88,8.09,RU,1683828439
338,pangoa,-12.1167,-73.0,300.96,59,100,1.66,PE,1683828440
339,khandyga,62.6667,135.6,273.78,98,100,1.03,RU,1683828440
340,taoudenni,22.6783,-3.9836,312.81,7,83,7.57,ML,1683828441
341,dampit,-8.2116,112.7493,295.74,97,99,1.51,ID,1683828441
342,jumla,29.2747,82.1838,282.44,70,34,1.52,NP,1683828447
343,dingwall,57.5953,-4.4272,283.12,93,100,2.2,GB,1683828447
344,guangyuan,32.442,105.823,290.27,59,100,0.81,CN,1683828447
345,elliot lake,46.3834,-82.6331,295.28,47,42,4.09,CA,1683828417
346,nizhneangarsk,55.7833,109.55,271.55,81,7,1.61,RU,1683828448
347,lerwick,60.1545,-1.1494,282.15,84,16,4.18,GB,1683828287
348,puerto baquerizo moreno,-0.9,-89.6,302.7,79,40,5.66,EC,1683828449
349,emerald,-23.5333,148.1667,288.34,87,6,3.48,AU,1683828449
350,tabou,4.423,-7.3528,301.87,78,14,3.54,CI,1683828450
351,tirumullaivasal,11.2333,79.8333,302.97,79,93,4.66,IN,1683828450
352,swakopmund,-22.6833,14.5333,288.14,87,100,1.34,NA,1683828450
353,nemuro,43.3236,145.575,276.19,82,14,5.3,JP,1683828337
354,remire-montjoly,4.9167,-52.2667,298.17,94,100,3.6,GF,1683828451
355,isangel,-19.55,169.2667,297.47,73,88,5.41,VU,1683828452
356,palikir - national government center,6.9248,158.1611,300.92,78,48,3.87,FM,1683828453
357,kansk,56.2017,95.7175,280.8,44,100,1.93,RU,1683828454
358,slave lake,55.2834,-114.769,289.14,55,75,3.09,CA,1683828345
359,kalengwa,-13.4659,25.0027,289.97,42,0,1.73,ZM,1683828455
360,kalymnos,36.95,26.9833,290.89,72,20,2.57,GR,1683828456
361,chibougamau,49.9168,-74.3659,291.68,30,2,3.0,CA,1683828457
362,anshun,26.25,105.9333,286.86,82,100,1.63,CN,1683828458
363,dera bugti,29.0307,69.151,306.94,10,67,1.4,PK,1683828458
364,noumea,-22.2763,166.4572,296.48,99,100,5.1,NC,1683828458
365,san jacinto,33.7839,-116.9586,298.11,65,53,2.24,US,1683828162
366,podgornoye,51.735,39.1496,285.27,47,0,3.0,RU,1683828459
367,kruisfontein,-34.0033,24.7314,289.2,86,91,7.54,ZA,1683828460
368,havre,48.55,-109.6841,289.3,63,75,2.57,US,1683828460
369,jiazi,22.8779,116.067,295.09,79,49,3.93,CN,1683828460
370,ad dawadimi,24.5077,44.3924,305.85,12,97,4.26,SA,1683828461
371,hauterive,46.0901,3.4459,285.57,82,88,1.87,FR,1683828461
372,ashkasham,36.6833,71.5333,279.06,47,96,0.58,AF,1683828461
373,kavaratti,10.5669,72.642,302.64,72,80,2.0,IN,1683828462
374,vylkove,45.4021,29.586,283.71,66,7,2.23,UA,1683828462
375,hasaki,35.7333,140.8333,286.6,53,19,3.65,JP,1683828462
376,inirida,3.8653,-67.9239,301.35,73,94,1.62,CO,1683828462
377,changji,44.0167,87.3167,294.59,17,0,2.0,CN,1683828468
378,margate,51.3813,1.3862,287.98,66,16,2.45,GB,1683828468
379,zemio,5.0314,25.1361,297.4,69,88,0.84,CF,1683828469
380,antsiranana,-12.2787,49.2917,297.77,81,3,5.46,MG,1683828469
381,las palmas,8.1333,-81.45,306.26,50,28,0.5,PA,1683828469
382,oriximina,-1.7656,-55.8661,302.27,74,97,1.75,BR,1683828469
383,kirksville,40.1948,-92.5833,293.12,94,100,4.63,US,1683828310
384,lagos,6.4531,3.3958,302.57,75,60,4.76,NG,1683828470
385,villajoyosa,38.5075,-0.2335,293.86,76,58,3.38,ES,1683828471
386,ierapetra,35.01,25.7353,291.56,65,100,5.81,GR,1683828471
387,westport,41.1415,-73.3579,300.87,33,0,7.2,US,1683828470
388,qusmuryn,52.4503,64.6311,284.55,59,71,3.93,KZ,1683828379
389,sept-iles,50.2001,-66.3821,284.29,53,25,2.68,CA,1683828419
390,rajmahal,25.05,87.8333,302.45,31,86,3.03,IN,1683828472
391,brookings,44.3114,-96.7984,297.84,69,0,4.63,US,1683828394
392,port alfred,-33.5906,26.891,289.92,88,91,0.89,ZA,1683828472
393,abeche,13.8292,20.8324,304.55,38,94,1.58,TD,1683828473
394,vorotynets,56.0603,45.8633,283.98,62,93,1.7,RU,1683828473
395,lata,40.1629,-8.3327,296.44,46,1,4.62,PT,1683828331
396,saint-philippe,-21.3585,55.7679,297.92,82,79,5.36,RE,1683828474
397,camargo,43.4074,-3.885,287.97,84,75,6.69,ES,1683828475
398,sukhodol,53.9006,51.2117,285.6,50,100,2.32,RU,1683828475
399,necochea,-38.5473,-58.7368,287.82,47,77,2.67,AR,1683828475
400,sorochinsk,52.4338,53.1583,286.08,51,100,2.96,RU,1683828476
401,pangody,65.85,74.4859,260.47,94,63,2.99,RU,1683828477
402,caleta de carquin,-11.0925,-77.6267,297.27,73,98,4.67,PE,1683828305
403,las heras,-46.5419,-68.9359,288.82,41,30,7.57,AR,1683828478
404,laishevo,55.4046,49.5504,285.27,63,41,4.9,RU,1683828478
405,villa dolores,-31.9459,-65.1896,295.97,47,91,2.03,AR,1683828479
406,el calafate,-50.3408,-72.2768,282.13,76,98,0.56,AR,1683828479
407,sur,22.5667,59.5289,305.38,43,0,1.14,OM,1683828480
408,walvis bay,-22.9575,14.5053,288.68,88,40,2.57,NA,1683828398
409,chesapeake,36.819,-76.2749,300.4,43,0,3.6,US,1683828431
410,baruun-urt,46.6806,113.2792,282.75,64,98,10.33,MN,1683828481
411,wajir,1.7471,40.0573,301.75,56,94,7.76,KE,1683828481
412,urengoy,65.9667,78.3667,260.32,96,92,3.39,RU,1683828482
413,colonia,40.5746,-74.3021,301.47,30,0,3.6,US,1683828421
414,znomenka,48.7128,32.6647,281.64,64,63,1.61,UA,1683828483
415,priozersk,61.0393,30.1291,284.76,56,100,3.44,RU,1683828483
416,kaga bandoro,6.9896,19.1874,296.99,82,94,1.73,CF,1683828440
417,basco,20.4487,121.9702,298.52,74,28,7.22,PH,1683828484
418,todos santos,23.45,-110.2167,295.82,40,1,5.22,MX,1683828485
419,loch garman,52.3342,-6.4575,286.6,89,94,2.68,IE,1683828485
420,pimentel,-6.8367,-79.9342,302.31,58,0,7.2,PE,1683828485
421,port lincoln,-34.7333,135.8667,287.67,70,87,5.09,AU,1683828350
422,kerikeri,-35.2268,173.9474,279.77,94,5,1.91,NZ,1683828486
423,shubarkuduk,49.1447,56.4872,290.24,56,100,3.76,KZ,1683828486
424,portland,45.5234,-122.6762,293.86,60,20,3.09,US,1683828250
425,urangan,-25.3,152.9,292.72,76,10,4.49,AU,1683828365
426,trujillo,-8.116,-79.03,298.13,73,97,4.63,PE,1683828487
427,dongola,19.1667,30.4833,309.64,8,7,3.49,SD,1683828471
428,magadan,59.5667,150.8,273.28,93,64,0.43,RU,1683828488
429,sorong,-0.8833,131.25,300.09,79,100,0.95,ID,1683828488
430,keetmanshoop,-26.5833,18.1333,295.78,24,77,5.47,NA,1683828489
431,mont-dore,-22.2833,166.5833,296.48,99,100,3.62,NC,1683828489
432,champasak,14.8833,105.8667,298.3,90,99,0.96,LA,1683828490
433,vila do maio,15.1333,-23.2167,300.59,84,4,7.67,CV,1683828490
434,ilembula,-8.9,34.5833,289.61,85,74,4.48,TZ,1683828491
435,xiaoshi,41.2971,124.1209,286.74,55,100,2.12,CN,1683828491
436,karratha,-20.7377,116.8463,296.53,43,10,3.23,AU,1683828491
437,mizdah,31.4451,12.9801,296.27,38,7,5.27,LY,1683828492
438,la maddalena,41.2142,9.4083,292.18,71,0,10.62,IT,1683828492
439,charlottetown,46.2352,-63.1267,289.69,36,20,4.92,CA,1683828492
440,minas de marcona,-15.2119,-75.1103,293.46,58,69,4.84,PE,1683828493
441,ribeira brava,32.65,-17.0667,295.44,59,100,3.55,PT,1683828486
442,alice springs,-23.7,133.8833,277.9,70,0,2.83,AU,1683828494
443,arraial do cabo,-22.9661,-42.0278,296.07,78,75,3.09,BR,1683828495
444,koungheul,13.9833,-14.8,314.53,12,18,3.56,SN,1683828495
445,enriquillo,17.9,-71.2333,304.97,54,100,5.07,DO,1683828496
446,mount pearl,47.5166,-52.7813,285.55,38,13,3.58,CA,1683828416
447,severo-yeniseyskiy,60.3725,93.0408,273.74,82,100,0.74,RU,1683828299
448,nichinan,31.6,131.3667,288.49,72,68,1.35,JP,1683828497
449,chkalovsk,56.7647,43.2433,283.12,81,63,2.17,RU,1683828497
450,auce,56.4598,22.9017,285.05,65,28,1.85,LV,1683828499
451,kyakhta,50.3508,106.4494,275.82,52,4,1.58,RU,1683828500
452,asan-maina village,13.4722,144.7165,300.54,92,40,1.54,GU,1683828501
453,zhigalovo,54.8097,105.1578,274.73,58,39,1.57,RU,1683828501
454,mbandaka,0.0487,18.2603,296.27,94,78,0.12,CD,1683828502
455,camarinas,43.1311,-9.1817,291.03,70,1,7.04,ES,1683828502
456,nova vicosa,-17.8919,-39.3719,299.26,71,66,3.82,BR,1683828503
457,lehighton,40.8337,-75.7138,299.86,26,0,2.68,US,1683828503
458,bechar,31.6167,-2.2167,306.64,9,12,2.94,DZ,1683828504
459,gilgit,35.9221,74.3087,290.25,35,100,1.73,PK,1683828504
460,lamu,-2.2717,40.902,299.28,84,54,4.83,KE,1683828505
461,tafuna,-14.3358,-170.72,300.12,89,40,3.09,AS,1683828506
462,virginia beach,36.8529,-75.978,300.4,44,75,1.54,US,1683828301
463,lautoka,-17.6167,177.4667,295.07,88,20,3.09,FJ,1683828507
464,al lagowa,11.4,29.1333,307.14,28,61,3.52,SD,1683828508
465,forbes,-33.3833,148.0167,282.71,70,0,2.04,AU,1683828469
466,pokrovsk,61.4781,129.1272,271.67,68,100,2.16,RU,1683828508
467,orlov,58.5395,48.8917,282.17,65,10,0.74,RU,1683828509
468,tabas,33.5959,56.9244,301.34,16,25,3.87,IR,1683828509
469,makushino,55.2103,67.2442,282.1,62,27,6.0,RU,1683828510
470,catanzaro,38.8908,16.5987,289.35,82,0,3.72,IT,1683828510
471,tucupita,9.0622,-62.051,308.41,35,99,2.14,VE,1683828511
472,daru,-9.0763,143.2092,298.63,94,100,6.85,PG,1683828377
473,raton,36.9034,-104.4391,289.49,29,0,8.75,US,1683828358
474,nagqu,31.5,92.0,267.85,77,100,0.82,CN,1683828512
475,eyl,7.9803,49.8164,300.87,82,100,6.59,SO,1683828513
476,barra de santo antonio,-9.4047,-35.5072,303.75,69,52,4.73,BR,1683828513
477,holualoa,19.6228,-155.9522,297.06,78,100,3.6,US,1683828323
478,nhamunda,-2.1861,-56.7131,301.19,83,85,1.57,BR,1683828424
479,shemordan,56.1856,50.3972,282.71,70,35,3.32,RU,1683828514
480,mugia,43.1041,-9.2179,291.02,70,1,7.46,ES,1683828278
481,san patricio,19.2167,-104.7,303.21,70,40,5.14,MX,1683828515
482,warrenton,-28.114,24.8475,291.31,27,24,2.52,ZA,1683828216
483,kailua-kona,19.6406,-155.9956,299.13,77,100,3.6,US,1683828515
484,paita,-5.0892,-81.1144,299.81,70,59,5.5,PE,1683828463
485,qarqaraly,49.4058,75.4742,289.35,45,99,3.42,KZ,1683828516
486,kotlas,61.2611,46.6556,283.86,77,89,1.96,RU,1683828517
487,arquitecto tomas romero pereira,-26.4833,-55.25,294.61,41,1,1.92,PY,1683828517
488,yelizovo,53.1873,158.3805,274.23,93,75,1.0,RU,1683828518
489,shitanjing,39.2342,106.3439,287.43,24,9,3.76,CN,1683828518
490,barcelona,41.3888,2.159,291.82,74,20,5.66,ES,1683828416
491,bukama,-9.2,25.85,295.3,65,16,0.83,CD,1683828519
492,pontal do parana,-25.6736,-48.5111,297.61,67,11,4.05,BR,1683828519
493,humaita,-7.5061,-63.0208,301.95,72,100,1.34,BR,1683828471
494,kapuskasing,49.4169,-82.4331,294.2,43,75,6.69,CA,1683828348
495,byron bay,-28.65,153.6167,287.01,85,36,1.29,AU,1683828520
496,berezovyy,51.6667,135.7,278.17,65,3,1.53,RU,1683828520
497,lianyuan,27.6883,111.6642,287.56,88,31,1.2,CN,1683828520
498,kolonia town,6.964,158.206,301.5,78,47,3.9,FM,1683828521
499,conneaut,41.9476,-80.5542,299.18,58,74,1.22,US,1683828521
500,temryuk,45.2722,37.3811,279.96,68,1,1.8,RU,1683828521
501,lensk,60.7253,114.9278,269.83,96,9,0.99,RU,1683828522
502,buenaventura,3.8801,-77.0312,303.94,67,75,3.36,CO,1683828523
503,ranau,5.9538,116.6641,294.89,98,65,0.3,MY,1683828524
504,tevriz,57.509,72.4042,277.73,53,70,4.27,RU,1683828525
505,ithaca,42.4406,-76.4966,299.33,44,0,5.14,US,1683828525
506,dryden,49.7833,-92.7503,296.2,39,18,2.55,CA,1683828526
507,mocimboa,-11.3167,40.35,297.4,87,11,3.24,MZ,1683828527
508,mount pleasant,32.7941,-79.8626,300.47,70,0,8.23,US,1683828498
509,midvagur,62.0511,-7.1939,284.61,71,100,3.09,FO,1683828527
510,santana,-0.0583,-51.1817,299.25,100,75,4.12,BR,1683828528
511,cavelossim,15.1726,73.9419,301.43,86,93,1.33,IN,1683828528
512,olinda,-8.0089,-34.8553,302.0,61,20,3.6,BR,1683828528
513,broken hill,-31.95,141.4333,283.55,55,53,1.2,AU,1683828529
514,poso,-1.3959,120.7524,298.07,93,97,3.32,ID,1683828529
515,piranhas,-16.4269,-51.8222,304.82,35,87,0.7,BR,1683828530
516,bac kan,22.1333,105.8333,294.18,91,71,1.4,VN,1683828530
517,chilaw,7.5758,79.7953,298.16,83,100,8.76,LK,1683828530
518,flying fish cove,-10.4217,105.6791,299.97,94,100,5.66,CX,1683828531
